Product,Variant,Artikelnummer,Prijs_1
Nederlandse vlag applicatie klein,,013.6273,2.5
Nederlandse vlag applicatie groot,,013.6274,3.5
Nederlandse vlag applicatie gemiddeld,,K NL,2.95
Vlag applicatie van Maleisië,,K MA,2.95
Vlag applicatie van Egypte,,K EG,2.95
Vlag applicatie van de provincie Noord Brabant,,K NB,2.95
Vlag applicatie van Zuid Africa,,K ZA,2.95
Vlag applicatie van Japan,,K JA,2.95
Vlag applicatie van India,,K IN,2.95
Vlag applicatie van Afghanistan,,K AF,2.95
Vlag applicatie van Tunesië,,K TU,2.95
Vlag applicatie van Israël,,K IS,2.95
Vlag applicatie van de provincie Utrecht,,K PUT,2.95
Vlag applicatie van Pakistan,,K PA,2.95
Vlag applicatie van China,,K CH,2.95
Regenboog vlag applicatie,,K RE,2.95
Vlag applicatie van de Verenigde Staten USA,,K USA,2.95
Vlag applicatie van Spanje,,K SP,2.95
Vlag applicatie van Rusland,,K RU,2.95
Vlag applicatie van Roemenië,,K ROE,2.95
Vlag applicatie van Curacao,,K CU,2.95
Vlag applicatie van Argentinië,,K AR,2.95
Vlag applicatie van Jamaica,,K JA,2.95
Vlag applicatie van Brazilië,,K BR,2.95
Vlag applicatie van Frankrijk,,K FR,2.95
Vlag applicatie van de provincie Noord Holland,,K NH,2.95
Vlag applicatie van Groot Brittannië,,K GB,2.95
Vlag applicatie van Griekenland,,K GR,2.95
Vlag applicatie van Duitsland,,K DU,2.95
Vlag applicatie van België,,K BE,2.95
Vlag applicatie van Polen,,K PO,2.95
Vlag applicatie van Kroatië,,K KR,2.95
Vlag applicatie van Zwitserland,,K ZW,2.95
Vlag applicatie van Noorwegen,,K NO,2.95
Vlag applicatie van Hongarije,,K HO,2.95
Vlag applicatie van Marokko,,K MA,2.95
Vlag applicatie van Portugal,,K PO,2.95
Vlag applicatie van Zweden,,K ZW,2.95
Vlag applicatie van Turkije,,K TU,2.95
Vlag applicatie van Tsjechië,,K TS,2.95
Vlag applicatie van Nederlandse Antillen,,K NA,2.95
Vlag applicatie van Oostenrijk,,K OO,2.95
Vlag applicatie van Denemarken,,K DE,2.95
Vlag applicatie van Italië,,K IT,2.95
Vlag applicatie van Ivoorkust,,K IV,2.95
Vlag applicatie van Nieuw Zeeland,,K NZ,2.95
Vlag applicatie van Suriname,,K SU,2.95
